<?xml version="1.0" encoding="UTF-8"?>
<project-private xmlns="http://www.netbeans.org/ns/project-private/1">
    <editor-bookmarks xmlns="http://www.netbeans.org/ns/editor-bookmarks/2" lastBookmarkId="0"/>
    <open-files xmlns="http://www.netbeans.org/ns/projectui-open-files/2">
        <group>
            <file>file:/C:/Users/Leong%20Tze%20Heng/Documents/NetBeansProjects/WIX1002TTEG7/src/FOP/ASCIItest1.java</file>
            <file>file:/C:/Users/Leong%20Tze%20Heng/Documents/NetBeansProjects/WIX1002TTEG7/src/FOP/Till_The_End.java</file>
            <file>file:/C:/Users/Leong%20Tze%20Heng/Documents/NetBeansProjects/WIX1002TTEG7/src/FOP/Method_Library.java</file>
            <file>file:/C:/Users/Leong%20Tze%20Heng/Documents/NetBeansProjects/WIX1002TTEG7/src/FOP/Countacc.java</file>
        </group>
    </open-files>
</project-private>
